sequence,requirement_id,stage,stage_title,requirement,root_cause_class,gate_file,current_status,target_status,primary_evidence
1,RCPW-01-R01,1,Canonical World Authority,"Canonical coordinates and units are explicit, versioned, precision-bounded, and independent of render/reference coordinates.",CLASSIFIER_FALSE_BLOCK + EVIDENCE_GAP,gates/01_RCPW_01_R01_CANONICAL_COORDINATE_AUTHORITY_UNITS_PRECISION_AND_SEPARATION.md,BLOCKED,OPERATIONAL_OR_PROFILE_SCOPED_PARTIAL,vm/world/evidence/remediation/RCPW-01-R01.json
2,RCPW-09-R01,9,Narrative Gravity Authority,Narrative gravity is independent from raw distance and has explicit inputs.,CLASSIFIER_FALSE_BLOCK + EVIDENCE_GAP,gates/02_RCPW_09_R01_NARRATIVE_GRAVITY_INDEPENDENCE_FROM_DISTANCE.md,BLOCKED,OPERATIONAL_OR_PROFILE_SCOPED_PARTIAL,vm/world/evidence/remediation/RCPW-09-R01.json
3,RCPW-11-R06,11,Visibility / Rendering Authority,Visual regression and frame-budget evidence are generated from repeatable traversal traces.,MISSING_EXECUTABLE_CAPABILITY_OR_MEASUREMENT,gates/03_RCPW_11_R06_REPEATABLE_VISUAL_REGRESSION_AND_FRAME_BUDGET_EVIDENCE.md,BLOCKED,OPERATIONAL_OR_PROFILE_SCOPED_PARTIAL,vm/world/evidence/remediation/RCPW-11-R06.json
4,RCPW-12-R06,12,Save / Replay Authority,"Independent replay verifies identity, coordinates, world state, and causal obligations after load.",INDEPENDENT_REPRODUCTION_EVIDENCE,gates/04_RCPW_12_R06_CLEAN_ROOM_INDEPENDENT_REPLAY_QUALIFICATION.md,BLOCKED,OPERATIONAL_OR_PROFILE_SCOPED_PARTIAL,vm/world/evidence/remediation/RCPW-12-R06.json
5,RCPW-19-R06,19,World-State Ledger,Historical reconstruction is independently reproducible.,INDEPENDENT_REPRODUCTION_EVIDENCE,gates/05_RCPW_19_R06_INDEPENDENT_HISTORICAL_RECONSTRUCTION.md,BLOCKED,OPERATIONAL_OR_PROFILE_SCOPED_PARTIAL,vm/world/evidence/remediation/RCPW-19-R06.json
6,RCPW-20-R07,20,Core Architecture + System Invariants,The integrated system has bounded CPU/GPU/memory/I/O/storage budgets and fail-safe degradation.,MISSING_EXECUTABLE_CAPABILITY_OR_MEASUREMENT,gates/06_RCPW_20_R07_BOUNDED_CPU_GPU_MEMORY_I_O_STORAGE_BUDGETS_AND_DEGRADATION.md,BLOCKED,OPERATIONAL_OR_PROFILE_SCOPED_PARTIAL,vm/world/evidence/remediation/RCPW-20-R07.json
7,RCPW-20-R08,20,Core Architecture + System Invariants,"End-to-end save/replay, crash recovery, deterministic replay, failure injection, and independent qualification are complete.",INDEPENDENT_REPRODUCTION_EVIDENCE,gates/07_RCPW_20_R08_END_TO_END_RECOVERY_REPLAY_FAILURE_INJECTION_AND_INDEPENDENT_QUALIFICATION.md,BLOCKED,OPERATIONAL_OR_PROFILE_SCOPED_PARTIAL,vm/world/evidence/remediation/RCPW-20-R08.json
8,RCPW-04-R09,4,Simulation LOD Authority,"Budget governor decisions are observable, replayable, and attributed to CPU/GPU/memory/I/O pressure.",MISSING_EXECUTABLE_CAPABILITY_OR_MEASUREMENT,gates/08_RCPW_04_R09_OBSERVABLE_AND_REPLAYABLE_RESOURCE_GOVERNOR.md,BLOCKED,OPERATIONAL_OR_PROFILE_SCOPED_PARTIAL,vm/world/evidence/remediation/RCPW-04-R09.json
9,RCPW-07-R09,7,Ecology Authority,Spatial folding cannot collapse independent habitats into one ecological interaction domain.,CLASSIFIER_FALSE_BLOCK + EVIDENCE_GAP,gates/09_RCPW_07_R09_CANONICAL_HABITAT_ISOLATION_UNDER_SPATIAL_FOLDING.md,BLOCKED,OPERATIONAL_OR_PROFILE_SCOPED_PARTIAL,vm/world/evidence/remediation/RCPW-07-R09.json
10,RCPW-18-R08,18,Multiple Reference Points / Authority Wells,Overlapping wells use deterministic conflict arbitration independent of thread timing.,CLASSIFIER_FALSE_BLOCK + EVIDENCE_GAP,gates/10_RCPW_18_R08_THREAD_TIMING_INDEPENDENT_OVERLAPPING_WELL_ARBITRATION.md,BLOCKED,OPERATIONAL_OR_PROFILE_SCOPED_PARTIAL,vm/world/evidence/remediation/RCPW-18-R08.json
11,RCPW-20-R11,20,Core Architecture + System Invariants,"A compatibility matrix distinguishes reference-model, hosted operational, native VM, production-scale, and independently qualified profiles.",CLASSIFIER_FALSE_BLOCK + EVIDENCE_GAP,gates/11_RCPW_20_R11_PROFILE_COMPATIBILITY_AND_QUALIFICATION_MATRIX.md,BLOCKED,OPERATIONAL_OR_PROFILE_SCOPED_PARTIAL,vm/world/evidence/remediation/RCPW-20-R11.json
12,RCPW-02-R13,2,Reference Frame Authority,"Vertical reference semantics, gravity direction, and large-world elevation precision are explicit and tested independently of horizontal folding.",CLASSIFIER_FALSE_BLOCK + EVIDENCE_GAP,gates/12_RCPW_02_R13_VERTICAL_REFERENCE_GRAVITY_AND_ELEVATION_PRECISION.md,BLOCKED,OPERATIONAL_OR_PROFILE_SCOPED_PARTIAL,vm/world/evidence/remediation/RCPW-02-R13.json
13,RCPW-16-R12,16,Penteract World Coordinate Model,8S/Penteract mappings are versioned independently from runtime schemas so mathematical experimentation cannot silently alter canonical save semantics.,CLASSIFIER_FALSE_BLOCK + EVIDENCE_GAP,gates/13_RCPW_16_R12_INDEPENDENT_VERSIONING_OF_8S_PENTERACT_MAPPINGS.md,BLOCKED,OPERATIONAL_OR_PROFILE_SCOPED_PARTIAL,vm/world/evidence/remediation/RCPW-16-R12.json
14,RCPW-17-R18,17,QUORUM Fold Operator,Operator performance is bounded with declared per-frame/per-tick cost independent from world canonical population size except through active representation sets.,CLASSIFIER_FALSE_BLOCK + EVIDENCE_GAP,gates/14_RCPW_17_R18_FOLD_OPERATOR_PERFORMANCE_INDEPENDENT_OF_TOTAL_CANONICAL_POPULATION.md,BLOCKED,OPERATIONAL_OR_PROFILE_SCOPED_PARTIAL,vm/world/evidence/remediation/RCPW-17-R18.json
15,RCPW-18-R16,18,Multiple Reference Points / Authority Wells,Remote simulation wells may persist without any camera/renderer consumer when canonical events require continued fidelity.,MISSING_EXECUTABLE_CAPABILITY_OR_MEASUREMENT,gates/15_RCPW_18_R16_HEADLESS_PERSISTENT_REMOTE_AUTHORITY_WELLS.md,BLOCKED,OPERATIONAL_OR_PROFILE_SCOPED_PARTIAL,vm/world/evidence/remediation/RCPW-18-R16.json
16,RCPW-19-R19,19,World-State Ledger,"Qualification includes multi-day/world-age history, compaction, migration, index rebuild, partial corruption, and independent replay.",INDEPENDENT_REPRODUCTION_EVIDENCE,gates/16_RCPW_19_R19_MULTI_DAY_WORLD_AGE_LEDGER_COMPACTION_MIGRATION_CORRUPTION_AND_REPLAY.md,BLOCKED,OPERATIONAL_OR_PROFILE_SCOPED_PARTIAL,vm/world/evidence/remediation/RCPW-19-R19.json
17,RCPW-20-R20,20,Core Architecture + System Invariants,"The release includes a headless deterministic verifier capable of loading a world package/save, replaying Golden World traces, and emitting canonical checkpoint digests without full rendering.",MISSING_EXECUTABLE_CAPABILITY_OR_MEASUREMENT,gates/17_RCPW_20_R20_HEADLESS_DETERMINISTIC_VERIFIER.md,BLOCKED,OPERATIONAL_OR_PROFILE_SCOPED_PARTIAL,vm/world/evidence/remediation/RCPW-20-R20.json
18,RCPW-03-R20,3,Fold Geometry Authority,Fold geometry can be evaluated in parallel over independent representation sets while using one versioned fold-policy authority.,CLASSIFIER_FALSE_BLOCK + EVIDENCE_GAP,gates/18_RCPW_03_R20_PARALLEL_FOLD_EVALUATION_WITH_ONE_VERSIONED_POLICY.md,BLOCKED,OPERATIONAL_OR_PROFILE_SCOPED_PARTIAL,vm/world/evidence/remediation/RCPW-03-R20.json
19,RCPW-04-R24,4,Simulation LOD Authority,LOD qualification compares single-worker and multi-worker canonical checkpoint digests for semantic equivalence.,MISSING_EXECUTABLE_CAPABILITY_OR_MEASUREMENT,gates/19_RCPW_04_R24_SINGLE_WORKER_VS_MULTI_WORKER_LOD_SEMANTIC_EQUIVALENCE.md,BLOCKED,OPERATIONAL_OR_PROFILE_SCOPED_PARTIAL,vm/world/evidence/remediation/RCPW-04-R24.json
20,RCPW-10-R23,10,Materialization Authority,Hot-reloaded presentation assets are versioned separately from canonical semantic state and can roll back independently.,CLASSIFIER_FALSE_BLOCK + EVIDENCE_GAP,gates/20_RCPW_10_R23_PRESENTATION_ASSET_HOT_RELOAD_WITH_INDEPENDENT_ROLLBACK.md,BLOCKED,OPERATIONAL_OR_PROFILE_SCOPED_PARTIAL,vm/world/evidence/remediation/RCPW-10-R23.json
21,RCPW-10-R24,10,Materialization Authority,Materialization qualification includes concurrent dense-region hydration across multiple workers/storage tiers with deterministic interaction readiness.,MISSING_EXECUTABLE_CAPABILITY_OR_MEASUREMENT,gates/21_RCPW_10_R24_CONCURRENT_DENSE_REGION_MATERIALIZATION_ACROSS_WORKERS_STORAGE_TIERS.md,BLOCKED,OPERATIONAL_OR_PROFILE_SCOPED_PARTIAL,vm/world/evidence/remediation/RCPW-10-R24.json
22,RCPW-14-R23,14,No-Unload Representation Transitions,Transition format versions are independently migratable and replay-compatible according to the compatibility matrix.,CLASSIFIER_FALSE_BLOCK + EVIDENCE_GAP,gates/22_RCPW_14_R23_VERSIONED_REPRESENTATION_TRANSITION_MIGRATION_AND_REPLAY_COMPATIBILITY.md,BLOCKED,OPERATIONAL_OR_PROFILE_SCOPED_PARTIAL,vm/world/evidence/remediation/RCPW-14-R23.json
23,RCPW-18-R20,18,Multiple Reference Points / Authority Wells,Authority-well arbitration is a first-class runtime service with deterministic global ordering and partition-independent canonical ownership.,CLASSIFIER_FALSE_BLOCK + EVIDENCE_GAP,gates/23_RCPW_18_R20_FIRST_CLASS_GLOBAL_AUTHORITY_WELL_ARBITRATION_SERVICE.md,BLOCKED,OPERATIONAL_OR_PROFILE_SCOPED_PARTIAL,vm/world/evidence/remediation/RCPW-18-R20.json
24,RCPW-19-R20,19,World-State Ledger,World-state ledger archives include partition/worker provenance for diagnostics while canonical event meaning remains execution-layout independent.,CLASSIFIER_FALSE_BLOCK + EVIDENCE_GAP,gates/24_RCPW_19_R20_EXECUTION_LAYOUT_INDEPENDENT_LEDGER_WITH_WORKER_PROVENANCE.md,BLOCKED,OPERATIONAL_OR_PROFILE_SCOPED_PARTIAL,vm/world/evidence/remediation/RCPW-19-R20.json
25,RCPW-20-R25,20,Core Architecture + System Invariants,The final release includes automated conformance suites that compare canonical outcomes across multiple worker counts/layouts and verify equivalent save/replay results.,MISSING_EXECUTABLE_CAPABILITY_OR_MEASUREMENT,gates/25_RCPW_20_R25_AUTOMATED_MULTI_WORKER_CONFORMANCE_AND_SAVE_REPLAY_EQUIVALENCE.md,BLOCKED,OPERATIONAL_OR_PROFILE_SCOPED_PARTIAL,vm/world/evidence/remediation/RCPW-20-R25.json
26,RCPW-19-R29,19,World-State Ledger,"Qualification includes multi-era query equivalence before/after compaction, archive migration, world expansion, and independent reconstruction.",INDEPENDENT_REPRODUCTION_EVIDENCE,gates/26_RCPW_19_R29_MULTI_ERA_QUERY_EQUIVALENCE_ACROSS_COMPACTION_ARCHIVE_MIGRATION_AND_EXPANSION.md,BLOCKED,OPERATIONAL_OR_PROFILE_SCOPED_PARTIAL,vm/world/evidence/remediation/RCPW-19-R29.json
